ID do Aluno,Idade (anos),Carga Horária (h),Frequência (%)
#001,16,20,80
#002,17,40,90
#003,17,35,85
#004,17,50,100
#005,18,10,70
#006,16,35,85
#007,18,70,75
#008,17,55,80
#009,17,35,95
#010,17,70,90
#011,18,40,80
#012,16,40,95
#013,17,40,85
#014,16,20,75
#015,16,65,85
#016,17,10,60
#017,19,20,85
#018,17,25,75
#019,18,30,85
#020,17,20,75
#021,18,10,95
#022,17,50,85
#023,16,70,60
#024,18,20,65
#025,17,35,100
#026,16,40,95
#027,17,65,90
#028,16,50,100
#029,19,55,85
#030,18,40,90
#031,17,40,85
#032,17,25,95
#033,18,60,85
#034,17,55,100
#035,17,10,80
#036,16,50,100
#037,16,15,90
#038,16,50,95
#039,17,60,75
#040,17,20,80
#041,17,40,70
#042,18,20,75
#043,18,40,90
#044,17,65,95
#045,17,15,80
#046,17,35,75
#047,18,70,100
#048,17,35,75
#049,16,20,95
#050,15,40,70
